{"promise": [97.7960433959961, -84.23738861083984], "Laravel": [37.34467315673828, -10.124393463134766], "AtCoder": [-4.240884780883789, -52.291282653808594], "Heroku": [59.26852798461914, -5.949672222137451], "npm": [97.30829620361328, -40.66714096069336], "JSON": [36.19224166870117, -72.79650115966797], "Electron": [92.5283203125, -35.568565368652344], "Git": [11.410924911499023, -0.8326648473739624], "Rails6": [37.577667236328125, 17.537830352783203], "webpack": [84.89019775390625, -38.50288772583008], "p5.js": [41.118160247802734, -100.0096206665039], "Rails": [45.91313171386719, -19.34033203125], "ECMAScript": [105.46104431152344, -52.39417266845703], "初心者": [22.057090759277344, -41.193519592285156], "SQL": [-5.444092750549316, -9.443492889404297], "ActiveRecord": [60.85576248168945, 9.952473640441895], "iOS": [30.553930282592773, -90.23793029785156], "Mac": [13.873100280761719, -18.600236892700195], "ポエム": [-15.821916580200195, -27.049840927124023], "RSpec": [57.74407958984375, 18.35328483581543], "GitHub": [6.065910816192627, -9.086196899414062], "CSS": [36.54984664916992, -51.445350646972656], "PostgreSQL": [18.4945125579834, 11.37375259399414], "AWS": [42.16373825073242, -35.349185943603516], "vue-cli": [109.87701416015625, -20.288103103637695], "Python3": [2.7958481311798096, -38.85830307006836], "Linux": [1.9583041667938232, -26.726215362548828], "ESLint": [89.09664154052734, -78.18455505371094], "Bootstrap": [22.25152015686035, -3.985476016998291], "three.js": [104.0677490234375, -65.9972915649414], "新人プログラマ応援": [-12.9446439743042, -64.36139678955078], "WebGL": [61.064151763916016, -100.34496307373047], "redux": [52.96599578857422, -88.31037139892578], "Android": [39.07908630371094, -91.03646850585938], "備忘録": [-17.475568771362305, -46.9518928527832], "CoffeeScript": [94.91278839111328, -68.45886993408203], "HTML": [44.04538345336914, -48.175804138183594], "babel": [80.05067443847656, -87.01590728759766], "GoogleAppsScript": [71.8746566772461, -94.18570709228516], "機械学習": [-0.004638940095901489, -60.032161712646484], "HTML5": [33.939151763916016, -80.98762512207031], "canvas": [89.78865814208984, -88.03826141357422], "Vuetify": [104.29112243652344, -12.063315391540527], "haml": [75.2943115234375, 16.224071502685547], "JavaScript": [62.082618713378906, -60.574031829833984], "Node.js": [72.11267852783203, -31.26654624938965], "Ajax": [90.95321655273438, -56.474544525146484], "Rails5": [75.12382507324219, 4.523250102996826], "gas": [54.71968460083008, -104.1283950805664], "フロントエンド": [63.91040802001953, -83.46265411376953], "Web": [99.70973205566406, -75.27024841308594], "Angular": [101.51416778564453, -57.804603576660156], "Ruby": [51.55391311645508, -22.93419647216797], "Sass": [10.323942184448242, -98.9587631225586], "nginx": [35.03445816040039, 4.974959373474121], "React": [51.291015625, -47.90199279785156], "Rails4": [50.68510818481445, 15.884075164794922], "es6": [47.88813781738281, -102.41340637207031], "Vuex": [99.39522552490234, -4.830568313598633], "Firebase": [54.409339904785156, -68.37838745117188], "Chrome": [66.60009002685547, -103.47058868408203], "Swift": [9.594633102416992, -72.3084945678711], "Python": [31.680721282958984, -44.285484313964844], "PHP": [34.13904571533203, -36.95043182373047], "Vue.js": [61.35030746459961, -32.74760055541992], "scss": [-1.4922189712524414, -88.70987701416016], "devise": [68.09088134765625, 10.405921936035156], "Railsチュートリアル": [78.70504760742188, -1.219775915145874], "es2015": [76.00727844238281, -100.63500213623047], "初心者向け": [-7.678421974182129, -34.7718505859375], "docker-compose": [26.9250431060791, 14.621272087097168], "入門": [-12.452537536621094, -19.191675186157227], "プログラミング勉強日記": [-15.782069206237793, -55.72417068481445], "Java": [29.64427375793457, -66.22461700439453], "Gem": [44.35849380493164, 18.214982986450195], "reactnative": [74.4358139038086, -75.01837921142578], "jQuery": [65.00880432128906, -39.25214385986328], "Docker": [28.47611427307129, -16.083703994750977], "C#": [-7.884352207183838, -71.09768676757812], "Unity": [4.808254241943359, -79.0048599243164], "Express": [94.75353240966797, -46.62041091918945], "プログラミング": [-18.33431053161621, -37.83915328979492], "vue-router": [93.7123794555664, 2.212329387664795], "CSS3": [48.53335952758789, -78.98006439208984], "MySQL": [18.6513671875, -13.471949577331543], "nuxt.js": [79.88890075683594, -60.696022033691406], "TypeScript": [77.5498046875, -48.997257232666016], "chrome-extension": [84.48646545410156, -94.8797836303711]}