{"HTML5": [-13.724191665649414, -23.581209182739258], "jQuery": [-35.17918014526367, 17.76491928100586], "初心者": [-25.783361434936523, 32.09404754638672], "CSS": [5.4613142013549805, 10.641962051391602], "HTML": [-24.33704376220703, -2.18119740486145], "JavaScript": [-12.483967781066895, 8.229330062866211], "scss": [40.05577087402344, 14.90074634552002], "Sass": [35.73978805541992, -7.736169815063477], "CSS3": [5.743824005126953, -17.793970108032227], "Vue.js": [-3.7239010334014893, 46.28329849243164], "Bootstrap": [23.676652908325195, 39.73947525024414], "Rails": [-6.249715805053711, 29.470943450927734]}