{"新人プログラマ応援": [-4.257320880889893, 75.0823974609375], "MachineLearning": [48.64775085449219, 6.28705358505249], "Gem": [-12.640030860900879, 81.62981414794922], "Sass": [-69.1422119140625, 26.956106185913086], "Swift4": [-71.75999450683594, 15.344871520996094], "AI": [32.7349739074707, -1.091351866722107], "WPF": [-39.34318542480469, 119.43348693847656], "SourceTree": [-9.09475326538086, 132.10150146484375], "SpringBoot": [9.859389305114746, -43.75273895263672], "AWS認定ソリューションアーキテクト": [56.73782730102539, 88.98589324951172], "自然言語処理": [51.45463180541992, -10.965079307556152], "pyenv": [80.4676284790039, 37.63881301879883], "spring": [24.85606575012207, -43.26024627685547], "JSON": [22.70942497253418, 15.040849685668945], ".NET": [-55.281410217285156, 104.65391540527344], "ポエム": [-4.941692352294922, 54.27411651611328], "WordPress": [25.55665397644043, 90.20006561279297], "Ajax": [-8.00228500366211, 8.790138244628906], "Fargate": [45.67192840576172, 97.03275299072266], "nginx": [23.193904876708984, 74.93461608886719], "数学": [59.06662368774414, 0.3770260810852051], "Tkinter": [77.2315444946289, 10.27027416229248], "GoogleColaboratory": [75.43578338623047, -5.450481414794922], "Rails5": [-3.709047555923462, 89.06484985351562], "scipy": [84.45729064941406, 33.537471771240234], "rbenv": [11.917428016662598, 97.78479766845703], "Node.js": [11.40800952911377, 39.51514434814453], "GitHub": [-8.434433937072754, 70.32225036621094], "ディープラーニング": [42.27318572998047, 2.9864234924316406], "vue-cli": [-65.83914184570312, 41.01255798339844], "Apache": [-14.555876731872559, 109.58824157714844], "スクレイピング": [85.28502655029297, 18.77927589416504], "Web": [-20.557729721069336, -8.943290710449219], "画像処理": [82.03502655029297, 28.416748046875], "Sinatra": [-17.190086364746094, 72.57852172851562], "FuelPHP": [-24.0875186920166, 102.0090560913086], "iOS": [-38.2176628112793, 21.544273376464844], "Linuxコマンド": [106.13014221191406, 43.17885208129883], "Objective-C": [-63.64984130859375, 33.69095230102539], "gradle": [-14.156292915344238, -33.5844841003418], "Twitter": [52.35564422607422, -16.030643463134766], "AWS認定試験": [42.848060607910156, 103.03130340576172], "データサイエンス": [46.65717697143555, -7.50983190536499], "gas": [-9.970175743103027, -9.198522567749023], "Rails6": [-18.680072784423828, 75.38087463378906], "ActiveRecord": [1.9695411920547485, 90.81395721435547], "SwiftUI": [-68.56365966796875, 8.739513397216797], "es6": [-14.712071418762207, -12.90615463256836], "Firebase": [-34.27867126464844, 15.169747352600098], "強化学習": [82.69415283203125, 16.446069717407227], "React": [-18.8238582611084, 34.4217643737793], "Laravel6": [12.187963485717773, 130.62852478027344], "haml": [-34.74721908569336, 91.11679077148438], "npm": [2.0748491287231445, 13.424412727355957], "統計学": [65.0271224975586, -3.7690398693084717], "Maven": [33.18012237548828, -42.660858154296875], "ECMAScript": [10.789569854736328, -13.32491397857666], "bundler": [16.865110397338867, 97.5182876586914], "LINQ": [-62.488624572753906, 93.31543731689453], "CSS": [-20.727712631225586, 41.8671875], "Angular": [-14.853530883789062, 3.1376917362213135], "NLP": [71.04486083984375, 4.283347129821777], "PyTorch": [67.81124114990234, -12.484367370605469], "ElasticBeanstalk": [37.68272399902344, 102.33558654785156], "Bash": [87.6678695678711, 75.07369995117188], "android開発": [-48.130958557128906, -35.879398345947266], "GoogleAppsScript": [2.6026721000671387, -19.84804344177246], "Excel": [57.79465866088867, -15.5111665725708], "Eclipse": [6.3176422119140625, -43.40935516357422], "Flask": [35.2973747253418, 9.898633003234863], "Vuex": [-63.728118896484375, 53.62131118774414], "TypeScript": [-17.218477249145508, 22.891244888305664], "C": [99.13990783691406, 55.61610412597656], "reactnative": [-24.557125091552734, -3.122799873352051], "ECS": [53.74416732788086, 71.57514190673828], "Go": [39.23701095581055, 78.08087921142578], "elb": [33.40219497680664, 95.83900451660156], "AndroidStudio": [-19.945545196533203, -30.139039993286133], "Unity2D": [-69.57706451416016, 74.9440689086914], "DeepLearning": [46.36198806762695, -15.493316650390625], "babel": [5.189151287078857, -7.311614513397217], "フロントエンド": [-24.28368377685547, 13.506410598754883], "ASP.NET_Core": [-59.0445442199707, 99.0949478149414], "java8": [19.640138626098633, -45.59273910522461], "JUnit": [15.777714729309082, -43.424224853515625], "競技プログラミング": [57.70841598510742, 24.556325912475586], "MySQL": [28.2771053314209, 60.72646713256836], "serverless": [60.10643768310547, 68.58344268798828], "OpenCV": [66.68941497802734, 31.143970489501953], ".NETFramework": [-50.2158088684082, 109.68270111083984], "Laravel": [12.34372329711914, 74.6340560913086], "VR": [-73.91203308105469, 60.3848876953125], "Swift": [-36.71281814575195, 43.616432189941406], "Tomcat": [29.05886459350586, -44.18413162231445], "SQL": [9.333076477050781, 86.6329116821289], "CloudWatch": [52.844905853271484, 99.16122436523438], "Bootstrap": [-39.63710021972656, 79.27375030517578], "Docker": [35.18829345703125, 57.0958251953125], "BeautifulSoup": [77.95150756835938, 33.31865310668945], "Anaconda": [88.510009765625, 22.79962158203125], "nuxt.js": [-30.39633560180664, 26.280527114868164], "PostgreSQL": [23.078344345092773, 82.90743255615234], "RDS": [60.41391372680664, 93.56376647949219], "PHP7": [-28.98331069946289, 96.99786376953125], "Kotlin": [-9.144227981567383, -35.54929733276367], "Electron": [-5.22287654876709, 18.661571502685547], "RxSwift": [-71.61014556884766, 72.43843078613281], "docker-compose": [18.748353958129883, 83.84578704833984], "WebGL": [-13.974026679992676, -4.583687782287598], "p5.js": [-26.100181579589844, 5.699878215789795], "Dart": [-54.73090744018555, -24.669198989868164], "UIKit": [-74.8360366821289, 65.61338806152344], "AWS": [35.839595794677734, 60.39664840698242], "api": [75.10556030273438, 22.27452278137207], "Express": [6.853822231292725, 9.685148239135742], "機械学習": [29.04192543029785, 15.550785064697266], "canvas": [-1.864224910736084, -13.13914680480957], "colaboratory": [62.386810302734375, -14.324337005615234], "vue-router": [-62.059261322021484, 61.68779373168945], "iPhone": [-62.85541534423828, 19.6733341217041], "vpc": [68.59769439697266, 85.48670196533203], "ESLint": [-4.608283042907715, -3.228900671005249], "redux": [-18.15174674987793, 11.817500114440918], "S3": [68.81363677978516, 60.0928955078125], "GoogleSpreadSheet": [-18.248991012573242, -57.421905517578125], "CloudFormation": [74.57117462158203, 75.03914642333984], "Terraform": [79.87155151367188, 62.269737243652344], "VSCode": [51.38319778442383, 38.89155578613281], "Xamarin": [-32.620418548583984, 123.38658142089844], "Rails": [3.0485594272613525, 58.11539840698242], "MacOSX": [82.72148895263672, 85.70023345947266], "amplify": [38.29081344604492, 93.46641540527344], "ShellScript": [104.89104461669922, 58.569095611572266], "CakePHP": [-7.672049045562744, 112.04571533203125], "react-hooks": [-67.46907043457031, 22.488065719604492], "Firestore": [-61.88426208496094, -22.881256103515625], "SSH": [74.4356689453125, 56.11848068237305], "Python": [41.360172271728516, 24.539695739746094], "Python3": [34.813167572021484, 38.662776947021484], "hooks": [-63.11387634277344, 9.002586364746094], "dockerfile": [79.58412170410156, 91.92842864990234], "route53": [71.54287719726562, 79.8456039428711], "PHP": [9.468688011169434, 65.02875518798828], "Unity3D": [-62.50918960571289, 80.64532470703125], "IAM": [70.1436767578125, 70.97058868408203], "AtCoder": [24.113264083862305, 30.102567672729492], "matplotlib": [56.81569290161133, 17.974063873291016], "laravel8": [22.674182891845703, 132.0100555419922], "next.js": [-57.76089096069336, 2.074615716934204], "資格": [32.020973205566406, 101.73733520507812], "laravel5": [-16.917943954467773, 103.7228775024414], "GitHubActions": [-27.255029678344727, 125.95892333984375], "HTML": [-6.626739025115967, 45.456939697265625], "Vuetify": [-58.980567932128906, 69.69911193847656],