{"非同期処理": [-50.21601486206055, 108.38783264160156], "Progate": [14.039936065673828, 157.65487670898438], "redux": [-18.2292423248291, 69.79191589355469], "CakePHP": [54.16593933105469, 166.5743865966797], "Angular": [-20.987403869628906, 123.98856353759766], "curl": [64.17692565917969, 159.79202270507812], "Composer": [22.76410675048828, 169.61598205566406], "RubyOnRails5.2": [74.93028259277344, 80.8559799194336], "homebrew": [52.87592697143555, 111.7229995727539], "gas": [-9.247068405151367, 126.35855865478516], "CircleCI": [25.018064498901367, 59.07732391357422], "CentOS": [58.152435302734375, 97.46656036376953], "MacOSX": [57.88091278076172, 119.7760238647461], "laravel5": [29.79364013671875, 168.5312957763672], "Sass": [-25.064220428466797, 137.89144897460938], "初心者": [23.9867000579834, 121.34502410888672], "アルゴリズム": [13.932255744934082, 103.21912384033203], "プログラミング勉強日記": [67.26535034179688, 132.18301391601562], "Rails": [25.712047576904297, 78.26884460449219], "error": [62.4324951171875, 81.26649475097656], "HTTP": [-31.321868896484375, 181.55343627929688], "test": [-49.970069885253906, 101.47898864746094], "GoogleMapsAPI": [-36.14249801635742, 137.17779541015625], "Backbone.js": [-45.0885124206543, 128.94517517089844], "async": [-46.61154556274414, 102.08068084716797], "初心者エンジニア": [16.14792251586914, 165.28021240234375], "carrierwave": [62.413021087646484, 63.29231262207031], "scss": [-14.067475318908691, 164.89906311035156], "Android": [3.842684507369995, 131.7589111328125], "オブジェクト指向": [58.6098518371582, 121.77194213867188], "three.js": [-34.98288345336914, 125.88923645019531], "codepen": [-41.081607818603516, 93.50535583496094], "GoogleAnalytics": [-49.05804443359375, 112.99050903320312], "ゲーム制作": [-6.185061931610107, 144.90386962890625], "CSS": [10.68114185333252, 115.70765686035156], "react-hooks": [-34.691734313964844, 74.61300659179688], "Perl": [73.86833953857422, 74.01788330078125], "udemy": [55.60294723510742, 141.17691040039062], "sidekiq": [8.898428916931152, 40.13148880004883], "activeadmin": [24.92652702331543, 37.56809997558594], "processing": [-35.32210922241211, 134.86953735351562], "エラー": [13.082283973693848, 41.11185836791992], "CSS3": [-21.448522567749023, 130.34703063964844], "Vuex": [-23.96833038330078, 74.99352264404297], "Jest": [-18.01986312866211, 73.74082946777344], "Laravel7": [70.07543182373047, 143.8547821044922], "Python3": [47.531593322753906, 126.2302017211914], "データ分析": [51.949745178222656, 144.2367401123047], "xdebug": [50.37631607055664, 168.37469482421875], "hooks": [-22.709280014038086, 43.35881805419922], "CSS設計": [-13.170783996582031, 169.6939239501953], "Capistrano": [49.87036895751953, 69.11251068115234], "I18n": [22.743120193481445, 38.41559982299805], "migration": [9.470430374145508, 38.27136993408203], "chart.js": [-38.5335693359375, 132.45155334472656], "SPA": [-22.825305938720703, 70.74708557128906], "ポートフォリオ": [42.598995208740234, 56.13307571411133], "SQL": [55.046348571777344, 107.00203704833984], "WebRTC": [-37.559532165527344, 128.87564086914062], "pandas": [40.381072998046875, 151.6169891357422], "関数型プログラミング": [-41.60817337036133, 123.97478485107422], "Markdown": [-21.69589614868164, 102.4470443725586], "Mac": [27.373210906982422, 109.98587036132812], "Django": [31.735923767089844, 81.69293212890625], "AdventCalendar2021": [32.684566497802734, 157.6598358154297], "資格": [66.67822265625, 125.69377136230469], "ブックマークレット": [-47.75593948364258, 118.50177764892578], "正規表現": [18.434267044067383, 114.15782165527344], "C": [41.725643157958984, 145.81851196289062], "Heroku": [22.048419952392578, 104.68696594238281], "環境構築": [48.83638381958008, 89.28894805908203], "xampp": [45.304168701171875, 170.3675079345703], "WebGL": [-23.887569427490234, 148.2851104736328], "PHP8": [78.9647216796875, 141.24664306640625], "PDO": [77.04145812988281, 130.12960815429688], "Rails4": [31.963048934936523, 56.00986862182617], "ESLint": [-11.47829818725586, 80.01704406738281], "RSpec": [51.00321578979492, 55.96955490112305], "Security": [53.2838134765625, 133.45631408691406], "gatsby": [-36.12150573730469, 77.5543441772461], "PHP7": [26.797090530395508, 169.4693603515625], "rake": [41.12044906616211, 53.823211669921875], "デザインパターン": [77.17467498779297, 100.3681411743164], "Firestore": [-24.233015060424805, 120.56259155273438], "google": [-20.958539962768555, 146.42562866210938], "dom": [-45.65317916870117, 113.84502410888672], "Vue.js": [8.112615585327148, 92.79939270019531], "Vagrant": [62.5212287902832, 102.01734161376953], "Java": [26.234848022460938, 120.53238677978516], "lambda": [37.413002014160156, 80.30594635009766], "CSV": [68.74266052246094, 114.92218017578125], "初学者向け": [58.17146301269531, 55.842559814453125], "フロントエンド": [-8.913180351257324, 114.96936798095703], "Cordova": [-16.09967041015625, 147.06253051757812], "vue-cli": [-35.45961380004883, 77.3727798461914], "Linux": [44.2534294128418, 110.28703308105469], "Git": [49.21042251586914, 103.16039276123047], "firefox": [-29.50198745727539, 132.63780212402344], "競技プログラミング": [41.45954513549805, 139.788330078125], "unicorn": [69.42776489257812, 66.3482437133789], "browserify": [-45.18470764160156, 106.11644744873047], "Capybara": [36.80664825439453, 53.98831558227539], "初学者": [43.52501678466797, 37.82017517089844], "OmniAuth": [36.95770263671875, 36.75344467163086], "GoogleSpreadSheet": [-27.22594451904297, 144.83558654785156], "laravel8": [40.736759185791016, 163.96444702148438], "d3.js": [-43.18148422241211, 133.01254272460938], "kintone": [-41.819480895996094, 117.64778137207031], "どう書く": [80.30484008789062, 96.04314422607422], "WebAssembly": [-42.62285232543945, 80.18244934082031], "iOS": [3.6267974376678467, 119.79972839355469], "flexbox": [-1.8287309408187866, 172.62416076660156], "PhpStorm": [71.87339782714844, 152.35494995117188], "php-fpm": [82.09282684326172, 123.96676635742188], "WordPressプラグイン": [-7.661077976226807, 186.7704620361328], "S3": [52.682334899902344, 79.68148040771484], "es6": [-19.36764144897461, 83.20685577392578], "laravel5.5": [46.67646789550781, 160.68960571289062], "centos7": [77.6156005859375, 115.92620086669922], "プログラミング初心者": [13.940038681030273, 84.69258117675781], "Laravel6": [63.816341400146484, 149.55392456054688], "vuetifyjs": [-6.806131839752197, 46.44928741455078], "Kotlin": [19.702011108398438, 161.40208435058594], "Electron": [-7.436872959136963, 70.8185043334961], "関数": [-44.181556701660156, 93.4690933227539], "create-react-app": [-5.965569496154785, 37.01894760131836], "コンポーネント": [-35.296504974365234, 86.16555786132812], "Flutter": [4.576832294464111, 156.83920288085938], "rbenv": [61.998573303222656, 62.87718200683594], "Nokogiri": [29.323434829711914, 51.11762619018555], "未経験エンジニア": [61.72709274291992, 142.1072540283203], "chef": [79.40870666503906, 90.37120056152344], "PostgreSQL": [58.8519401550293, 94.02813720703125], "C#": [10.691986083984375, 137.5196075439453], "haml": [50.74605178833008, 52.55314254760742], "Ajax": [19.546611785888672, 89.77992248535156], "nginx": [58.24641036987305, 102.80184173583984], "Xcode": [31.32733154296875, 149.00782775878906], "Symfony": [67.77963256835938, 156.7255401611328], "Swift": [23.10576820373535, 149.43592834472656], "Safari": [-19.614593505859375, 142.40884399414062], "Excel": [48.81259536743164, 143.60108947753906], "ActiveRecord": [35.7582893371582, 57.84617614746094], "Laravel": [22.392484664916992, 126.78970336914062], "基礎": [27.629451751708984, 163.34645080566406], "Eloquent": [56.34646987915039, 155.49461364746094], "Azure": [33.17876434326172, 135.46481323242188], "gulp": [-24.889450073242188, 112.42034149169922], "CoffeeScript": [-47.65940856933594, 124.34068298339844], "Chrome": [-0.09019484370946884, 129.56265258789062], "Vuetify": [-30.59528350830078, 87.66156768798828], "cakephp3": [35.68501281738281, 173.58448791503906], "styled-components": [-27.555400848388672, 45.51503372192383], "C++": [9.983728408813477, 129.79124450683594],