{"CSS": [-0.9364423751831055, -3.020237684249878], "SVG": [-16.956357955932617, -27.884904861450195], "CSS設計": [-42.17095947265625, 5.8663859367370605], "初心者": [19.46381950378418, 7.90948486328125], "Bootstrap": [33.6619987487793, 22.30734634399414], "CSS3": [16.091337203979492, -27.606679916381836], "WordPress": [39.863277435302734, -10.65707015991211], "React": [-3.2714622020721436, 35.369632720947266], "Web": [2.003688335418701, -25.44968032836914], "Progate": [27.06299591064453, -28.21996307373047], "Chrome": [-25.565629959106445, 14.136162757873535], "Rails": [12.556163787841797, 35.92344665527344], "Sass": [-26.111143112182617, 0.4090319275856018], "JavaScript": [8.467718124389648, 1.129969835281372], "scss": [-27.844966888427734, 26.978891372680664], "bem": [6.200664520263672, -45.772361755371094], "HTML5": [31.188858032226562, -18.101667404174805], "flexbox": [-31.956985473632812, -27.92315101623535], "Ruby": [23.953447341918945, 30.34398651123047], "HTML": [6.575740814208984, 8.338738441467285], "PHP": [38.75374221801758, 12.84855842590332], "Vue.js": [10.585336685180664, 25.23564338684082], "フロントエンド": [-13.00118637084961, 24.301937103271484], "animation": [-13.686830520629883, -42.35665512084961], "jQuery": [31.68297004699707, 1.9916654825210571]}