{"AWS": [16.346250534057617, -26.09380531311035], "フロントエンド": [-21.75258445739746, -71.93734741210938], "Rails": [26.757944107055664, -57.662593841552734], "Firebase": [-6.643485069274902, -11.641024589538574], "備忘録": [64.6318359375, -2.3225574493408203], "Laravel": [33.09367370605469, -5.301950931549072], "redux": [-31.755939483642578, -57.05451583862305], "Apache": [34.90016174316406, 29.36893653869629], "Node.js": [-4.7213664054870605, -32.62120056152344], "Docker": [35.28044128417969, -34.91435623168945], "Sinatra": [24.884864807128906, -100.4896469116211], "PHP": [17.74632453918457, -12.821855545043945], "新人プログラマ応援": [68.4582290649414, -8.949950218200684], "Rails4": [32.55923080444336, -88.87299346923828], "JSON": [-6.772521018981934, -55.503074645996094], "CoffeeScript": [-46.33372116088867, -54.17262649536133], "初心者向け": [44.407432556152344, 4.911657810211182], "bundler": [10.5023775100708, -98.02936553955078], "Java": [4.217973709106445, -16.612411499023438], "Ruby": [22.595901489257812, -54.90915298461914], "CSS3": [-15.3898344039917, -63.76757049560547], "PostgreSQL": [66.012451171875, -57.266990661621094], "MySQL": [44.086910247802734, -39.53946304321289], "devise": [55.62647247314453, -81.80718231201172], "AtCoder": [62.748435974121094, -25.884902954101562], "babel": [-52.698997497558594, -48.875858306884766], "CSS": [8.710149765014648, -61.245208740234375], "WebGL": [-43.5504035949707, -65.93802642822266], "HTML": [11.303964614868164, -43.088016510009766], "iOS": [-10.192639350891113, 1.0012545585632324], "初心者": [30.303197860717773, -28.328109741210938], "Vue.js": [8.355628967285156, -34.257442474365234], "PHPUnit": [8.806642532348633, 30.92206573486328], "HTML5": [-12.548737525939941, -74.92674255371094], "プログラミング勉強日記": [75.06539916992188, -23.9706974029541], "GitHub": [52.66843032836914, -54.32725524902344], "Rails6": [48.435302734375, -77.052490234375], "webpack": [-23.6333065032959, -28.902408599853516], "Python": [20.653324127197266, -39.07145690917969], "Mac": [46.51940155029297, -33.246944427490234], "SQL": [73.20451354980469, -34.05299758911133], "ESLint": [-51.6603889465332, -32.62823486328125], "rbenv": [3.9956271648406982, -95.42613983154297], "PHP7": [18.73979949951172, 31.940750122070312], "es2015": [-48.82710266113281, -20.913799285888672], "どう書く": [67.94469451904297, -71.3797836303711], "p5.js": [-46.66994094848633, -11.685564041137695], "FuelPHP": [45.42452621459961, 24.580970764160156], "CakePHP": [-7.988002777099609, 25.4141902923584], "React": [4.189090728759766, -45.66203689575195], "Composer": [0.3433181643486023, 29.321636199951172], "jQuery": [-0.2739315629005432, -68.43589782714844], "chrome-extension": [-29.703725814819336, 2.649087429046631], "Electron": [-32.7480583190918, -39.44380187988281], "Git": [62.641700744628906, -49.77386474609375], "機械学習": [62.044490814208984, -36.321224212646484], "canvas": [-38.251644134521484, -70.33566284179688], "nginx": [49.61228942871094, -25.961591720581055], "three.js": [-33.53915786743164, -75.54723358154297], "Chrome": [-34.50105667114258, -14.21609878540039], "Ajax": [-24.893827438354492, -78.75019836425781], "Angular": [-32.331016540527344, -3.656865358352661], "JavaScript": [-12.668740272521973, -38.3310661315918], "プログラミング": [72.03102111816406, -15.650548934936523], "reactnative": [-25.865421295166016, -62.93014144897461], "gas": [-46.612571716308594, -43.965641021728516], "GoogleAppsScript": [-50.290809631347656, -26.295734405517578], "Unity": [18.6757869720459, 8.76000690460205], "docker-compose": [59.87733840942383, -62.43777084350586], "npm": [-29.72622299194336, -48.40135192871094], "es6": [-47.06784439086914, -60.339813232421875], "WordPress": [14.578481674194336, 17.032175064086914], "laravel5": [27.689682006835938, 25.920001983642578], "CentOS": [53.07280349731445, 7.455228328704834], "Heroku": [19.164884567260742, -73.20565795898438], "C#": [41.77150344848633, 11.350676536560059], "ポエム": [59.692317962646484, 3.56374454498291], "Rails5": [56.94859313964844, -74.8111572265625], "haml": [36.685951232910156, -103.55950164794922], "RSpec": [41.39121627807617, -89.4463882446289], "Express": [-33.89596939086914, -28.650209426879883], "TypeScript": [-15.928723335266113, -19.982315063476562], "Gem": [23.568035125732422, -87.41654205322266], "scss": [-0.9857752919197083, -110.2788314819336], "promise": [-52.50282669067383, -39.63164520263672], "Sass": [-15.88994026184082, -105.93334197998047], "ActiveRecord": [49.51557159423828, -87.38919830322266], "Python3": [49.76533126831055, -12.020218849182129], "Swift": [24.239360809326172, 6.01497220993042], "ECMAScript": [-42.64353942871094, -15.812458992004395], "Web": [-39.70109939575195, -4.391076564788818], "Android": [-19.029470443725586, 1.6988394260406494], "Railsチュートリアル": [39.32383728027344, -80.76578521728516], "Bootstrap": [17.544748306274414, -100.05941009521484], "nuxt.js": [-22.14598274230957, -8.582131385803223], "Linux": [43.25926208496094, -11.366616249084473], "入門": [73.91105651855469, -42.365299224853516]}