{"Web": [70.89833068847656, -14.89870548248291], "VSCode": [65.37310028076172, 28.45224380493164], "Chrome": [74.85120391845703, -5.52220344543457], "Python": [71.49485778808594, 16.040929794311523], "JavaScript": [37.38533020019531, 4.888345241546631], "scss": [35.106380462646484, -42.44666290283203], "Sass": [19.415559768676758, -32.72091293334961], "CSS3": [1.995847225189209, -12.810535430908203], "Ruby": [43.927162170410156, 28.07210922241211], "フロントエンド": [8.596769332885742, 9.083539009094238], "WordPress": [59.5487060546875, -27.441377639770508], "jQuery": [18.712465286254883, 2.915471315383911], "Vue.js": [35.54884338378906, 23.11661720275879], "Progate": [48.8936653137207, -34.59370422363281], "React": [27.464265823364258, 35.22678756713867], "HTML": [41.23590087890625, -3.5591835975646973], "HTML5": [16.294416427612305, -21.14560890197754], "Bootstrap": [7.036336421966553, 18.18180274963379], "Node.js": [53.65769577026367, 39.336612701416016], "CSS": [33.83350372314453, -9.694293022155762], "Rails": [17.460857391357422, 25.967069625854492], "PHP": [60.834983825683594, 2.699549913406372], "初心者": [47.37422180175781, 8.960043907165527]}