{"JavaScript": [-13.504363059997559, -19.876644134521484], "CSS3": [7.0365891456604, -1.0097041130065918], "PHP": [-19.407434463500977, -51.41343307495117], "HTML5": [-5.58355712890625, 15.635417938232422], "HTML": [-25.674081802368164, -12.760918617248535], "Ruby": [-47.42422103881836, -36.06637191772461], "CSS": [-25.81754493713379, 5.772155284881592], "jQuery": [-48.9539909362793, 1.523025631904602], "Rails": [-50.625911712646484, -15.893611907958984], "初心者": [-30.358287811279297, -34.89939880371094]}