{"lambda": [-101.90520477294922, 7.89889669418335], "Express": [-88.50279998779297, -43.377899169921875], "pyenv": [-66.39215087890625, 31.279186248779297], "AWS": [-121.69656372070312, -1.3074088096618652], "Rails6": [-166.6733856201172, -30.755887985229492], "Sass": [-159.03184509277344, -96.56244659423828], "route53": [-131.28875732421875, 44.068843841552734], "Vuetify": [-168.81637573242188, -82.32412719726562], "Swift": [-122.8345947265625, -74.67729949951172], "java8": [-33.99097442626953, -53.12195587158203], "Vagrant": [-152.24462890625, 46.10544204711914], "ActiveRecord": [-161.41900634765625, -38.82343673706055], "Sinatra": [-169.8283233642578, -4.711060523986816], "JUnit": [-41.4019775390625, -68.9721450805664], "DynamoDB": [-139.19821166992188, 34.38760757446289], "CoffeeScript": [-67.78044128417969, -52.91965103149414], "MachineLearning": [-64.11530303955078, -14.304465293884277], "FuelPHP": [-188.40367126464844, -34.340545654296875], "論文読み": [-22.345149993896484, -15.675115585327148], "初心者": [-120.0636215209961, -28.10535430908203], "docker-compose": [-150.68777465820312, -1.999127984046936], "scikit-learn": [-72.71585083007812, 4.302284240722656], "GoogleAppsScript": [-66.23387908935547, -59.928340911865234], "Web": [-70.47715759277344, -48.83679962158203], "CloudFormation": [-138.06150817871094, 21.213714599609375], "深層学習": [-52.809478759765625, -8.486604690551758], "Twitter": [-43.6724739074707, -4.0151591300964355], "Terminal": [-140.6774139404297, 50.828895568847656], "CocoaPods": [-76.81282806396484, -118.84087371826172], "Eclipse": [-33.707061767578125, -57.89295959472656], "Xcode": [-104.37377166748047, -59.4246711730957], "Unity2D": [-150.26744079589844, -110.53446960449219], "scipy": [-57.34370422363281, 17.592527389526367], "初心者向け": [-148.19227600097656, -33.40764236450195], "最適化": [-83.33512878417969, 33.19939422607422], "Rails4": [-167.06117248535156, -22.28485679626465], "機械学習": [-82.65262603759766, -22.47348403930664], "Firebase": [-108.81097412109375, -79.92417907714844], "SwiftUI": [-107.04536437988281, -115.21996307373047], "WPF": [-201.0122528076172, -58.05068588256836], "AWS認定ソリューションアーキテクト": [-148.5018310546875, 34.35207748413086], "Chrome": [-78.6990737915039, -70.38729095458984], "GitHub": [-151.8271026611328, -44.461181640625], "SSH": [-113.6125717163086, 30.918516159057617], "Linuxコマンド": [-101.05381774902344, 65.00230407714844], "Electron": [-99.69084167480469, -48.30379104614258], "新人プログラマ応援": [-135.605224609375, -39.709693908691406], "CSS": [-137.72943115234375, -55.77212142944336], "Terraform": [-161.62332153320312, 15.579303741455078], "rbenv": [-164.1795654296875, -0.49382758140563965], "ElasticBeanstalk": [-156.04530334472656, 25.110416412353516], "Python": [-88.71340942382812, -5.302488327026367], "競技プログラミング": [-75.76105499267578, -8.213540077209473], "SpringBoot": [-38.555519104003906, -65.71124267578125], "bundler": [-168.9529571533203, 2.342653751373291], "Vuex": [-163.7973175048828, -88.46272277832031], "Heroku": [-106.9786148071289, -13.950541496276855], "material-ui": [-147.84170532226562, -100.11595153808594], "データサイエンス": [-48.96024703979492, -10.20372486114502], "GoogleSpreadSheet": [-35.628082275390625, -92.5052261352539], "DeepLearning": [-54.25109100341797, 3.7035727500915527], "jQuery": [-123.57231903076172, -45.84693908691406], "MySQL": [-127.22588348388672, -5.2439422607421875], "Laravel": [-147.30987548828125, -15.465211868286133], "Unity3D": [-162.25311279296875, -100.91123962402344], "Gem": [-163.51449584960938, -15.533079147338867], "Vue.js": [-133.5764923095703, -53.77819061279297], "自然言語処理": [-64.66571044921875, 2.334135055541992], "serverless": [-106.52558898925781, 34.89010238647461], "データ分析": [-64.22071838378906, -25.602069854736328], "資格": [-153.5974884033203, 15.403472900390625], "vue-router": [-152.28964233398438, -95.98114013671875], "homebrew": [-148.11044311523438, 46.766605377197266], "MacOSX": [-118.85269165039062, 54.513851165771484], "laravel5": [-185.26234436035156, -28.320072174072266], "scss": [-172.98985290527344, -84.54147338867188], "Git": [-151.0877227783203, -26.60649299621582], "elb": [-115.97308349609375, 43.409969329833984], "SourceTree": [-209.11126708984375, -14.58458137512207], "dockerfile": [-137.3838653564453, 53.41855239868164], "Slack": [-59.19672393798828, -31.364635467529297], "JSON": [-89.41023254394531, -28.1541748046875], "統計学": [-58.10129165649414, -7.289760112762451], "colaboratory": [-52.715179443359375, -24.330734252929688], "Django": [-98.72769927978516, 14.965314865112305], "react-hooks": [-138.667724609375, -103.58966827392578], "フロントエンド": [-112.70829010009766, -76.04589080810547], "ECS": [-127.71636199951172, 22.722782135009766], "Ruby": [-125.04208374023438, -16.503332138061523], "ディープラーニング": [-70.21965026855469, 9.0045747756958], "Laravel6": [-199.16053771972656, 3.9837453365325928], "JavaScript": [-104.81582641601562, -39.69977951049805], "aws-cli": [-163.97886657714844, 17.996179580688477], "next.js": [-126.72626495361328, -104.73684692382812], "Angular": [-117.47553253173828, -76.99472045898438], "PyTorch": [-71.65281677246094, 18.73512077331543], "RDS": [-124.76807403564453, 43.1624870300293], "PHP": [-140.35916137695312, -19.51279067993164], "es6": [-82.61078643798828, -73.5596694946289], "ShellScript": [-108.33960723876953, 65.4256362915039], "どう書く": [-171.30386352539062, 9.206204414367676], "VR": [-138.1650848388672, -114.32304382324219], "TensorFlow": [-52.97174072265625, -17.09847068786621], "ESLint": [-98.61640930175781, -73.41374206542969], "cognito": [-160.2440185546875, 25.628843307495117], "RxSwift": [-143.11549377441406, -114.82612609863281], "Docker": [-121.4417953491211, 0.378246009349823], "数学": [-70.17926788330078, 33.401466369628906], "Swift3.0": [-131.72024536132812, -117.10205841064453], "TypeScript": [-117.35370635986328, -60.2308349609375], "人工知能": [-24.783756256103516, -30.829832077026367], "pip": [-46.71546173095703, 9.545398712158203], "PHPUnit": [-189.18373107910156, -10.437137603759766], "Anaconda": [-73.85698699951172, 31.896718978881836], "オブジェクト指向": [-37.83280563354492, -59.5721435546875], "oracle": [-207.8209991455078, -2.9243242740631104], "UIKit": [-119.54397583007812, -119.1759262084961], "IAM": [-143.2511749267578, 38.957218170166016], "C++": [-88.32374572753906, -17.549171447753906], "VSCode": [-98.38159942626953, 10.144600868225098], "CentOS": [-143.13400268554688, 25.080795288085938], "Bash": [-109.57803344726562, 51.649803161621094], ".NETFramework": [-178.17930603027344, -95.26095581054688], "SQL": [-156.2983856201172, -20.1240177154541], "入門": [-131.59890747070312, -32.93374252319336], "Windows": [-105.57652282714844, 3.2663071155548096], "Rails": [-137.75205993652344, -28.09904670715332], "Swift5": [-153.84889221191406, -109.41807556152344], "android開発": [-55.185420989990234, -107.05732727050781], "chrome-extension": [-78.4285659790039, -50.18844223022461], "Chainer": [-69.59745025634766, 23.505233764648438], "api": [-63.83444595336914, 18.452898025512695], "nginx": [-144.79017639160156, -3.614595413208008], "Swift4": [-100.04512786865234, -113.88798522949219], "プログラミング": [-145.36866760253906, -47.27452850341797], "WordPress": [-155.6990966796875, 4.278703212738037], "Java": [-75.37061309814453, -40.36277389526367], "GitHubActions": [-206.7001495361328, -47.08979797363281], "python2.7": [-46.00366973876953, 0.32284069061279297], "Zsh": [-129.38827514648438, 55.15098571777344], "babel": [-89.41526794433594, -56.63998031616211], "kubernetes": [-138.2530517578125, 11.779086112976074], "BeautifulSoup": [-86.75560760498047, 25.557147979736328], "SQLServer": [-210.1828155517578, -22.4417781829834], "LINQ": [-192.31463623046875, -76.33568572998047], "Node.js": [-116.78477478027344, -26.626361846923828], "CakePHP": [-189.79762268066406, -23.654600143432617], "three.js": [-92.51675415039062, -68.43104553222656], "CSS3": [-114.1392822265625, -57.624691009521484],