{"Windows": [111.69506072998047, 24.398033142089844], "devise": [30.41826820373535, 66.88176727294922], "ESLint": [18.193050384521484, -10.524483680725098], "ASP.NET_Core": [-19.31806755065918, -24.161453247070312], "データ分析": [80.28976440429688, -19.43152618408203], "AtCoder": [66.78102111816406, 7.458279609680176], "docker-compose": [79.72025299072266, 62.56090545654297], "GoogleAppsScript": [34.525508880615234, -23.61715316772461], "python2.7": [79.33201599121094, -3.07684063911438], "Python": [82.13212585449219, 6.3788323402404785], "ActiveRecord": [53.528804779052734, 74.5648193359375], "WPF": [0.7626162171363831, -47.45709228515625], "kubectl": [127.86837005615234, 111.2416000366211], "PHP": [56.29281997680664, 53.53778076171875], "VSCode": [104.78279876708984, 20.415861129760742], "新人プログラマ応援": [44.51601028442383, 33.30958938598633], "GKE": [144.23397827148438, 98.45767974853516], "ディープラーニング": [72.0672836303711, -20.015241622924805], "GitHub": [43.673370361328125, 54.56315612792969], "Twitter": [103.8734359741211, -31.622238159179688], "homebrew": [119.75022888183594, 76.2511215209961], "RaspberryPi": [105.102294921875, 0.3215653598308563], "初心者": [57.316001892089844, 26.12877082824707], "Firestore": [-39.49342346191406, 22.038497924804688], "pyenv": [82.90800476074219, -36.572879791259766], "AWS認定試験": [92.85214233398438, 83.24147033691406], "Sinatra": [64.3117904663086, 78.57268524169922], "TypeScript": [25.613605499267578, 27.219905853271484], "BeautifulSoup": [109.91055297851562, -9.809333801269531], "Node.js": [59.46084213256836, 30.237356185913086], "データサイエンス": [65.79227447509766, -28.07774543762207], "WSL": [163.4154815673828, -0.7849617004394531], "AWS": [79.83454895019531, 42.10731506347656], "reactnative": [3.0820984840393066, 11.772492408752441], "数学": [117.2429428100586, -3.954657554626465], "expo": [-38.245025634765625, -4.260666847229004], "プログラミング": [47.9916877746582, 13.399796485900879], "JavaScript": [46.36341094970703, 18.682477951049805], "p5.js": [37.864418029785156, -14.022826194763184], "Eclipse": [41.89043426513672, -59.38139343261719], "ポエム": [47.66271209716797, 39.558841705322266], "オブジェクト指向": [37.31632995605469, -54.0227165222168], "shell": [146.3329620361328, 25.493209838867188], "cognito": [83.80232238769531, 84.5062484741211], "資格": [116.84222412109375, 59.95499801635742], "APIGateway": [114.26346588134766, 38.79452133178711], "FuelPHP": [50.679019927978516, 102.88607025146484], "スクレイピング": [79.58563995361328, -34.786373138427734], "TwitterAPI": [123.39311218261719, -66.12584686279297], "PostgreSQL": [74.77569580078125, 67.69730377197266], "AndroidStudio": [14.123830795288086, -38.87106704711914], "haml": [28.118913650512695, 94.33443450927734], "pandas": [106.98457336425781, 12.325361251831055], "Kotlin": [24.01120376586914, -43.91960525512695], "Vuex": [-7.294924736022949, 72.52338409423828], "nuxt.js": [12.90071964263916, 38.556087493896484], "S3": [100.71422576904297, 46.9277458190918], "CakePHP": [45.16612243652344, 101.6109390258789], "PHPUnit": [39.43775939941406, 100.17609405517578], "C": [139.50738525390625, 1.2165791988372803], "RxSwift": [-22.306411743164062, 73.61734008789062], "ExcelVBA": [115.51116943359375, -70.34439849853516], "Vagrant": [129.0465545654297, 65.25691223144531], "chrome-extension": [14.068145751953125, -6.143064498901367], "Raspberrypi3": [138.11329650878906, -44.55451202392578], "ubuntu18.04": [158.04632568359375, -14.253499984741211], "深層学習": [80.36529541015625, -24.879756927490234], "アルゴリズム": [93.76757049560547, 8.531359672546387], "機械学習": [65.6767349243164, -3.6558268070220947], "強化学習": [120.62674713134766, 8.018179893493652], "Ruby": [64.38788604736328, 38.172035217285156], "Python3": [77.20594787597656, 20.291419982910156], "slackbot": [93.1662368774414, -76.57539367675781], "scikit-learn": [67.3070068359375, -23.90305519104004], "mariadb": [116.79878997802734, 83.17862701416016], "Rails6": [36.324119567871094, 71.7483139038086], "RDS": [117.49870300292969, 53.25494384765625], "JUnit": [58.02560043334961, -60.66897201538086], "yhpg": [91.62574768066406, 130.1363525390625], "Web": [19.78748321533203, -3.4229562282562256], "PHP7": [25.286375045776367, 89.73101806640625], "MySQL8.0": [127.22564697265625, 72.329345703125], "C#": [24.13348960876465, -10.702468872070312], "Android": [10.35374641418457, -9.46891975402832], "HTML": [39.724002838134766, 40.759647369384766], "Bootstrap": [19.663562774658203, 85.66510009765625], "CloudFormation": [89.13479614257812, 73.3602523803711], "SQL": [50.36359786987305, 63.91163635253906], "C++11": [104.31945037841797, -71.43907165527344], "Rails4": [47.24110794067383, 76.1583251953125], "oracle": [25.66737174987793, 112.87796783447266], "Fargate": [98.53292846679688, 79.46772766113281], "amplify": [87.88556671142578, 86.48036193847656], "java8": [44.305580139160156, -55.986549377441406], "Bash": [132.30201721191406, 42.94150924682617], "android開発": [-19.75220489501953, -36.907203674316406], "Unity3D": [-17.826595306396484, -15.644238471984863], ".NETFramework": [-14.2275390625, -30.202072143554688], "PyTorch": [74.9659423828125, -32.90739822387695], "Anaconda": [115.1705551147461, -16.535343170166016], "Swift5": [-29.384166717529297, 60.81303787231445], "統計学": [98.94161224365234, -19.083274841308594], "Xamarin": [-9.147644996643066, -36.39170455932617], "UNIX": [146.4290771484375, 19.152313232421875], "CoffeeScript": [6.913819789886475, 2.6352334022521973], "競技プログラミング": [99.32410430908203, -11.274211883544922], "Git": [68.52490234375, 52.634281158447266], "Slack": [69.83358764648438, -34.221641540527344], "PowerShell": [160.46304321289062, 12.579309463500977], ".NETCore": [13.791690826416016, -57.31351089477539], "colaboratory": [120.3741226196289, 5.019287109375], "CentOS": [103.46549224853516, 60.308109283447266], "Docker": [85.46942901611328, 36.25004196166992], "OpenCV": [95.30317687988281, -5.627830505371094], "material-ui": [-10.740886688232422, 68.34307098388672], "matplotlib": [100.50911712646484, 5.924070358276367], "gradle": [20.22835922241211, -41.79293441772461], "AWS認定ソリューションアーキテクト": [97.04562377929688, 65.85906219482422], "mecab": [73.41261291503906, -7.725998401641846], "nginx": [71.69773864746094, 61.111595153808594], "JSON": [60.638893127441406, 3.9799630641937256], "WebGL": [29.786409378051758, -2.0433995723724365], "Electron": [44.95750045776367, 0.09810890257358551], "MySQL": [75.92178344726562, 37.87739562988281], "プログラミング勉強日記": [40.185245513916016, 17.587013244628906], "IAM": [100.06803131103516, 55.85032272338867], "aws-cli": [103.25716400146484, 80.13552856445312], "RStudio": [138.93003845214844, -54.13507080078125], "Zsh": [124.8759536743164, 68.15361785888672], "RSpec": [53.23908233642578, 80.03517150878906], "Terminal": [130.98951721191406, 61.17796325683594], "Heroku": [72.04647827148438, 20.85592269897461], "Jupyter-notebook": [63.56453323364258, -20.791017532348633], "Go": [107.90766143798828, 43.87661361694336], "bundler": [67.62454223632812, 85.42618560791016], "フロントエンド": [10.295022964477539, 19.180713653564453], "Laravel": [59.112483978271484, 59.150047302246094], "EC2": [78.64906311035156, 83.36572265625], "ECMAScript": [26.202552795410156, 12.301812171936035], "どう書く": [75.44052124023438, 89.70929718017578], "Tkinter": [122.04678344726562, -3.929262161254883], "TensorFlow": [98.61552429199219, -22.78498077392578], "dockerfile": [133.0214385986328, 52.58949661254883], "Tomcat": [49.58676528930664, -60.41999435424805], "VisualStudio": [48.71931076049805, -55.69215393066406], "CSS": [25.392845153808594, 46.53434753417969], "SourceTree": [83.56509399414062, 115.18157958984375], "Vuetify": [-14.668168067932129, 63.70210266113281], "webpack": [14.892799377441406, 44.85654830932617], "VisualStudioCode": [158.91929626464844, -3.5717380046844482], "es2015": [12.678022384643555, 4.7997565269470215], "SSH": [118.72908782958984, 38.6021614074707], "raspbian": [151.13641357421875, -26.524250030517578],