{"Keras": [-11.056203842163086, -3.168635368347168], "HTML": [-85.32661437988281, 66.9869155883789], "es2015": [-117.97520446777344, 25.472108840942383], "Web": [-95.05716705322266, 14.675379753112793], "CakePHP": [-71.10257720947266, 124.24354553222656], "Sass": [-137.623291015625, 97.32209777832031], "promise": [-100.97950744628906, 29.95937728881836], "spring": [-105.3997573852539, -32.078529357910156], "Unity": [-99.19174194335938, 25.091890335083008], "WebGL": [-107.90469360351562, 49.72224807739258], "kubernetes": [-21.248266220092773, 69.17578125], "S3": [-0.13117288053035736, 52.016361236572266], "lambda": [-30.94977569580078, 43.56981658935547], "gradle": [-111.1827621459961, -23.759706497192383], "CloudFront": [3.292175054550171, 73.29269409179688], "PyTorch": [-5.358736038208008, 1.77507746219635], "three.js": [-95.35881805419922, 6.841457366943359], "Swift": [-114.64373779296875, 29.03352928161621], "PHPUnit": [-92.147216796875, 117.1693344116211], "OpenCV": [-25.71485137939453, 9.458497047424316], "Maven": [-73.28071594238281, -43.35697937011719], "数学": [-48.4937629699707, -23.987548828125], "ディープラーニング": [-7.321120738983154, 13.5807466506958], "numpy": [-14.818769454956055, 26.79270362854004], "Go": [-24.81279945373535, 74.44690704345703], "Mac": [-61.08921432495117, 38.3152961730957], "AI": [-11.481207847595215, 7.593362808227539], "EC2": [-22.336910247802734, 89.28990936279297], "GoogleColaboratory": [-6.321706771850586, -2.670966386795044], "CSS3": [-109.36487579345703, 71.58551788330078], "Kotlin": [-106.62803649902344, -25.682334899902344], "データ分析": [-17.641315460205078, 7.0874857902526855], "Firestore": [-162.74267578125, 45.26405715942383], "react-hooks": [-130.3856658935547, 102.0147476196289], "VSCode": [-34.27170944213867, 31.034908294677734], "Rails5": [-57.48533248901367, 99.17942810058594], "SQL": [-68.91669464111328, 66.04928588867188], "Twitter": [-29.83506965637207, -21.81869125366211], "ElasticBeanstalk": [-5.329602241516113, 69.57472229003906], "android開発": [-140.63107299804688, -22.243553161621094], "elb": [-29.103660583496094, 101.19036102294922], "GitHub": [-85.57018280029297, 75.41815948486328], "webpack": [-116.3710708618164, 63.66990661621094], "競技プログラミング": [-64.85345458984375, -2.628695011138916], "npm": [-81.4257583618164, 27.184776306152344], "Swift4": [-156.99935913085938, 37.430763244628906], "bundler": [-34.13771057128906, 99.20034790039062], "Ruby": [-57.26895523071289, 59.246498107910156], "matplotlib": [-9.316032409667969, 31.378984451293945], "p5.js": [-95.48551177978516, 56.90877151489258], "SpringBoot": [-92.57872772216797, -39.03889083862305], "NLP": [-35.908348083496094, -17.072643280029297], "AndroidStudio": [-116.3083267211914, -20.88748550415039], "Gem": [-63.706214904785156, 96.47064208984375], "MachineLearning": [-40.252838134765625, -5.7520551681518555], "redux": [-117.4697036743164, 57.52817153930664], "FuelPHP": [-57.41780090332031, 124.92385864257812], "nuxt.js": [-115.80661010742188, 48.76221466064453], "HTML5": [-109.73225402832031, 61.58354949951172], "Django": [-24.776681900024414, 35.200016021728516], "chrome-extension": [-102.58282470703125, 17.889888763427734], "iOS": [-125.7428970336914, 20.398462295532227], "aws-cli": [-6.2377448081970215, 84.87935638427734], "Fargate": [-30.547794342041016, 94.29106903076172], "Laravel": [-59.518348693847656, 76.1943588256836], "Composer": [-64.26403045654297, 124.7056655883789], "vue-router": [-141.6179962158203, 86.01919555664062], "CloudFormation": [-7.528541564941406, 89.15470123291016], "CloudWatch": [-1.9340791702270508, 76.86195373535156], "Railsチュートリアル": [-60.924285888671875, 103.96832275390625], "Apache": [-83.55631256103516, 121.73783111572266], "Flutter": [-153.03941345214844, 13.025980949401855], "RaspberryPi": [-57.79533767700195, 17.669647216796875], "gas": [-111.86431884765625, 15.418349266052246], "pyenv": [-60.65541076660156, -16.53573989868164], "Anaconda": [-36.07380294799805, -22.117822647094727], "haml": [-86.21538543701172, 118.96292114257812], "Xcode": [-111.44712829589844, -3.5151939392089844], "Firebase": [-123.93804931640625, 39.83415603637695], "GoogleSpreadSheet": [-142.76573181152344, -17.790504455566406], "babel": [-104.08715057373047, 10.184224128723145], "ESLint": [-87.96598052978516, 14.20644474029541], "api": [-63.618038177490234, -12.23828125], "自然言語処理": [-52.1246452331543, 0.3691489100456238], "scikit-learn": [-15.066898345947266, 16.170705795288086], "Docker": [-45.23656463623047, 52.707820892333984], "ECS": [-16.058055877685547, 64.82850646972656], "APIGateway": [-2.187957763671875, 48.50789260864258], "ActiveRecord": [-67.68623352050781, 101.77816009521484], "言語処理100本ノック": [-11.400814056396484, -9.798356056213379], "Tkinter": [-15.686685562133789, -5.619029521942139], "es6": [-90.23267364501953, 6.649961948394775], "Kaggle": [-20.046384811401367, 20.691539764404297], "Eclipse": [-94.31853485107422, -34.53875732421875], "Git": [-57.53078842163086, 67.02626037597656], "Angular": [-117.59651947021484, 39.19939041137695], "Electron": [-91.35013580322266, 36.11015319824219], "iPhone": [-142.0875244140625, -2.894284725189209], "最適化": [-40.973777770996094, -24.48727035522461], "プログラミング勉強日記": [-97.65149688720703, 50.46432113647461], "MySQL": [-48.69254684448242, 51.63208770751953], "nginx": [-44.717071533203125, 82.63321685791016], "Python3": [-39.59434127807617, 39.651527404785156], "CocoaPods": [-162.85491943359375, 16.474891662597656], "SwiftUI": [-156.80511474609375, 29.38516616821289], "AWS": [-38.00980758666992, 59.67276382446289], "CoffeeScript": [-110.0364761352539, 19.35211944580078], "PostgreSQL": [-51.1416015625, 86.06690216064453], "DeepLearning": [-27.0613956451416, 1.1650992631912231], "フロントエンド": [-118.67058563232422, 52.317108154296875], "material-ui": [-140.12229919433594, 91.55606079101562], "入門": [-84.22249603271484, 55.59395980834961], "プログラミング": [-95.18441772460938, 81.70223999023438], "cloud9": [-0.3812909722328186, 64.64534759521484], "next.js": [-148.41722106933594, 68.17139434814453], "AWS認定試験": [-21.976285934448242, 96.06975555419922], "docker-compose": [-49.361392974853516, 90.13392639160156], "TensorFlow": [-32.60834884643555, -9.67932415008545], "route53": [5.199314117431641, 60.69110107421875], "画像処理": [-17.425552368164062, -13.133678436279297], "データサイエンス": [-9.376895904541016, 26.354228973388672], "JUnit": [-99.6413803100586, -34.025936126708984], "Ajax": [-99.52497863769531, 41.33864974975586], "TypeScript": [-105.81017303466797, 55.52988815307617], "scss": [-121.96720123291016, 112.17020416259766], "オブジェクト指向": [-77.97872924804688, -42.92292785644531], "java8": [-82.78994750976562, -39.67173385620117], "scipy": [-59.35976028442383, -4.587920665740967], "Vuetify": [-132.36087036132812, 98.12700653076172], "統計学": [-6.776369571685791, 19.779808044433594], "C#": [-84.71458435058594, 31.580400466918945], "Windows": [-43.41747283935547, 30.792247772216797], "mecab": [-44.984317779541016, -19.75642967224121], "CentOS": [-36.76133728027344, 83.4831314086914], "expo": [-163.85684204101562, 54.445560455322266], "reactnative": [-123.41102600097656, 49.558441162109375], "Heroku": [-52.15446853637695, 40.743038177490234], "Vuex": [-147.0919189453125, 76.41496276855469], "IAM": [5.886784553527832, 56.78937911987305], "Sinatra": [-28.772035598754883, 85.40837860107422], "vpc": [-1.416101336479187, 81.3055648803711], "どう書く": [-43.014862060546875, 105.59628295898438], "React": [-104.76778411865234, 67.43075561523438], "強化学習": [-33.41294479370117, 3.6476998329162598], "ProjectEuler": [-21.33293342590332, -12.325671195983887], "初心者向け": [-87.92093658447266, 84.6596908569336], "Objective-C": [-148.86529541015625, 8.419422149658203], "Tomcat": [-86.61750793457031, -40.997920989990234], "C++": [-44.5419921875, 5.222904205322266], "Rails4": [-71.82637023925781, 97.2515869140625], "Python": [-44.05462646484375, 18.611738204956055], "RDS": [-14.918779373168945, 95.35427856445312],