{"ESLint": [27.37685203552246, -3.6733620166778564], "chrome-extension": [-22.86473274230957, -70.5387191772461], "Vue.js": [-30.778470993041992, -32.99531936645508], "Chrome": [-38.75864028930664, -62.4476432800293], "ECMAScript": [29.397096633911133, -31.023893356323242], "初心者": [-10.327730178833008, -11.263710975646973], "es2015": [-52.734779357910156, -18.1994686126709], "CoffeeScript": [-53.4506721496582, -37.6468391418457], "nuxt.js": [-43.380558013916016, -54.8765869140625], "HTML": [-24.687471389770508, 11.265522003173828], "three.js": [15.603920936584473, -62.32233810424805], "TypeScript": [-33.81280517578125, -46.1930046081543], "Rails": [-25.21725082397461, -9.552191734313965], "gas": [32.550167083740234, -22.554637908935547], "Ajax": [-32.0402946472168, 10.89973258972168], "p5.js": [-12.60664176940918, -72.302001953125], "es6": [19.369733810424805, -40.97097396850586], "Python": [9.741161346435547, -7.59323787689209], "Web": [4.36024808883667, 13.29885196685791], "Java": [12.50429630279541, -29.191320419311523], "iOS": [-1.6576333045959473, -70.96077728271484], "promise": [7.426523208618164, -68.13957214355469], "reactnative": [-0.4126005470752716, -49.73685836791992], "JavaScript": [-9.999178886413574, -29.910659790039062], "GoogleAppsScript": [32.30595397949219, -40.202186584472656], "Express": [15.520251274108887, -15.935680389404297], "Android": [8.392091751098633, -53.33668899536133], "canvas": [28.259035110473633, -15.037384986877441], "Firebase": [-18.188871383666992, -57.5235710144043], "CSS3": [-41.4425163269043, 3.538544178009033], "HTML5": [-49.568992614746094, -7.36677360534668], "JSON": [18.105701446533203, 4.431946277618408], "React": [-21.13722801208496, -38.85007095336914], "webpack": [-29.655174255371094, -61.35819625854492], "Ruby": [-9.359919548034668, 14.243934631347656], "Node.js": [-13.713075637817383, -18.738176345825195], "jQuery": [-14.858356475830078, 4.006371974945068], "Angular": [-50.30885696411133, -46.74415969848633], "redux": [-7.588006496429443, -61.24629211425781], "フロントエンド": [-49.63444137573242, -28.417221069335938], "AWS": [-4.157402515411377, 4.2995686531066895], "babel": [22.494998931884766, -56.0725212097168], "WebGL": [27.905467987060547, -48.466461181640625], "CSS": [-37.31242370605469, -12.878487586975098], "PHP": [-29.876813888549805, 0.557647705078125], "Electron": [-41.48758316040039, -29.411666870117188], "npm": [7.350229263305664, 2.5601694583892822]}