{"es6": [-17.175434112548828, -103.76191711425781], "入門": [6.746720790863037, -118.53072357177734], "React": [2.7621896266937256, -61.71459197998047], "Node.js": [9.61449146270752, -72.60015106201172], "GoogleAppsScript": [9.99893569946289, -121.14204406738281], "Sass": [-28.523345947265625, -82.95513916015625], "Backbone.js": [-27.60456657409668, -102.21072387695312], "Python": [21.855501174926758, -90.34404754638672], "ゲーム制作": [-1.8907239437103271, -114.44747924804688], "google": [-38.230010986328125, -76.50257873535156], "Svelte": [-29.778217315673828, -90.3938217163086], "ブックマークレット": [-22.0501651763916, -108.21809387207031], "p5.js": [27.448232650756836, -38.02370834350586], "Docker": [22.692365646362305, -68.60409545898438], "WebGL": [-43.31329345703125, -76.42412567138672], "vue-cli": [-27.542863845825195, -62.74318313598633], "フロントエンド": [-14.356743812561035, -69.21597290039062], "備忘録": [30.751901626586914, -112.5335922241211], "JavaScript": [2.5113422870635986, -76.78780364990234], "Angular": [17.0556583404541, -41.5137825012207], "phina.js": [-27.868120193481445, -109.2109603881836], "Vuetify": [-21.208620071411133, -45.30545425415039], "es2015": [-36.514381408691406, -98.53678894042969], "Heroku": [14.317934036254883, -101.16365051269531], "Android": [45.950626373291016, -87.0086441040039], "gas": [4.122836589813232, -111.58854675292969], "Vuex": [-7.251643657684326, -37.5536994934082], "async": [-1.9858739376068115, -121.49703979492188], "C++": [15.544062614440918, -111.14576721191406], "npm": [-8.208930969238281, -47.597755432128906], "processing": [7.138766288757324, -32.34280776977539], "個人開発": [19.612102508544922, -49.66008758544922], "ポエム": [39.4572639465332, -102.41486358642578], "HTML5": [-14.33221435546875, -97.51409912109375], "関数型プログラミング": [-38.93751525878906, -93.9212646484375], "api": [30.98291015625, -66.21330261230469], "IoT": [42.436065673828125, -66.38504028320312], "VSCode": [29.24471092224121, -77.67078399658203], "AWS": [24.424583435058594, -76.03861999511719], "codepen": [-15.491049766540527, -117.59395599365234], "Blockchain": [12.641039848327637, -31.655248641967773], "riot": [-16.314006805419922, -33.56562042236328], "Chrome": [-17.200092315673828, -92.14320373535156], "プログラミング初心者": [43.42741012573242, -78.77725982666016], "LINEmessagingAPI": [-8.035177230834961, -104.6295166015625], "next.js": [-0.1590266227722168, -33.213523864746094], "初心者向け": [39.26826858520508, -100.69599914550781], "nuxt.js": [-3.8231565952301025, -54.930686950683594], "ライブラリ": [-24.19493865966797, -112.93981170654297], "初心者": [15.048367500305176, -91.6897201538086], "Ruby": [20.736005783081055, -85.62583923339844], "Vue.js": [8.48331069946289, -63.27259063720703], "Jest": [13.953888893127441, -36.03226852416992], "puppeteer": [-22.201213836669922, -77.57843780517578], "Mac": [24.23842430114746, -97.54874420166016], "Firebase": [26.32749366760254, -61.262996673583984], "Underscore.js": [48.83652114868164, -81.92596435546875], "GoogleMapsAPI": [2.8201072216033936, -32.21000671386719], "canvas": [-34.344642639160156, -81.49250793457031], "PWA": [-33.198387145996094, -47.53866958618164], "CSS3": [-26.92264747619629, -94.41462707519531], "webpack": [-13.282974243164062, -62.22441482543945], "jQuery": [-9.587611198425293, -75.5823974609375], "正規表現": [11.402265548706055, -114.21085357666016], "Rails": [12.337150573730469, -78.95616149902344], "iOS": [35.63472366333008, -75.57720947265625], "Go": [45.542842864990234, -77.24560546875], "dom": [-41.297607421875, -89.46326446533203], "Java": [34.590858459472656, -96.37368774414062], "ECMAScript": [-41.164215087890625, -65.2032699584961], "Electron": [-1.3286097049713135, -45.621524810791016], "GoogleSpreadSheet": [-10.309159278869629, -119.50811004638672], "firefox": [-37.56884002685547, -72.30127716064453], "Ajax": [17.171056747436523, -58.813514709472656], "非同期処理": [-35.802772521972656, -51.57749557495117], "reactnative": [34.12743377685547, -54.836952209472656], "react-hooks": [-18.14603614807129, -39.789363861083984], "アルゴリズム": [26.878036499023438, -115.27035522460938], "deno": [-22.31504249572754, -39.46533966064453], "browserify": [34.739200592041016, -43.01595687866211], "chrome-extension": [-38.76885223388672, -86.7340087890625], "Express": [20.3724308013916, -37.949031829833984], "Slack": [23.647918701171875, -104.84732055664062], "axios": [36.18436050415039, -58.347801208496094], "linebot": [-2.904794454574585, -95.40889739990234], "C#": [32.4111213684082, -108.27388763427734], "Cordova": [49.22710037231445, -66.53461456298828], "GoogleAnalytics": [-29.02815818786621, -42.67145538330078], "WordPress": [5.471229076385498, -99.34083557128906], "CreateJS": [-14.219345092773438, -113.70468139648438], "SVG": [-41.12355422973633, -82.94412231445312], "JSON": [41.870147705078125, -85.55315399169922], "websocket": [4.61445951461792, -44.043033599853516], "Qiita": [20.992319107055664, -119.25111389160156], "CSS": [-9.847457885742188, -85.23419189453125], "Laravel": [33.34840774536133, -83.25935363769531], "HTML": [-1.9288240671157837, -86.38911437988281], "gulp": [-22.629310607910156, -67.86862182617188], "obniz": [35.17360305786133, -48.59042739868164], "ESLint": [27.015806198120117, -51.232460021972656], "WebAssembly": [-31.35763931274414, -106.23473358154297], "three.js": [-37.74721908569336, -57.51803207397461], "プログラミング": [45.35715103149414, -94.89073181152344], "PHP": [11.639415740966797, -85.45602416992188], "redux": [-3.5200960636138916, -35.50184631347656], "コンポーネント": [28.738525390625, -43.365692138671875], "gatsby": [36.60945510864258, -51.08014678955078], "chart.js": [45.323150634765625, -61.3723258972168], "Markdown": [37.88468933105469, -106.66300201416016], "kintone": [-8.3065824508667, -32.18183135986328], "bookmarklet": [-35.919471740722656, -100.51319885253906], "CoffeeScript": [-41.67750930786133, -68.65729522705078], "GraphQL": [-17.585355758666992, -49.786651611328125], "新人プログラマ応援": [22.77013397216797, -109.37977600097656], "babel": [-26.841447830200195, -48.95302963256836], "material-ui": [-13.056414604187012, -36.97365188598633], "Bootstrap": [-5.379642486572266, -63.78947448730469], "SPA": [10.971456527709961, -40.269630432128906], "GitHub": [37.855323791503906, -89.47994232177734], "配列": [18.293655395507812, -117.88223266601562], "関数": [2.8276803493499756, -123.00837707519531], "test": [-5.816507339477539, -121.24191284179688], "WebAudioAPI": [-34.60963821411133, -66.98717498779297], "TypeScript": [8.454646110534668, -52.97965621948242], "Web": [-2.330075979232788, -107.8219985961914], "WebRTC": [-40.77880859375, -59.89889907836914], "Twitter": [41.366905212402344, -72.03120422363281], "Safari": [42.555973052978516, -55.98014831542969], "YARN": [-22.32771110534668, -57.00318908691406], "promise": [30.917644500732422, -101.91458129882812], "JSX": [-30.776531219482422, -57.0445442199707], "d3.js": [-20.49403190612793, -115.93331146240234], "Firestore": [23.51622772216797, -39.63754653930664]}